<?xml version="1.0" encoding="UTF-8"?>
<Configuration status="DEBUG">
    <Appenders>
        <Console name="LogToConsole" target="SYSTEM_OUT">
            <PatternLayout pattern="[%-5level] %d{dd-MM-yyyy HH:mm:ss} [%t] %c{1} - %msg%n"/>
        </Console>
        <File name="LogToFile" fileName="exports/logs/app-xml.log">
            <PatternLayout pattern="[%-5level] %d{dd-MM-yyyy HH:mm:ss} [%t] %c{1} - %msg%n"/>
        </File>
    </Appenders>
    <Loggers>
        <Logger name="Log4j2" level="debug" additivity="false">
            <AppenderRef ref="LogToFile"/>
            <AppenderRef ref="LogToConsole"/>
        </Logger>
        <Root level="info">
            <AppenderRef ref="LogToFile"/>
            <AppenderRef ref="LogToConsole"/>
        </Root>
    </Loggers>
</Configuration>